rank,constellation,main_id,ra,dec,otype,plx_value,pmra,pmdec,rvz_radvel,rvz_type,sp_type,bmag,vmag,constellation_code
1,Aries,HD  20644,50.08484196336125,29.04845766232917,*,5.0347,-7.017,-16.032,-3.09,v,K3IIIaBa0.5,6.02,4.47,Ari
2,Aries,* eps Ari A,44.80302418005,21.340427382609995,*,9.0296,-15.884,-7.151,-7.9,v,A2IV,5.21,5.16,Ari
3,Aries,* nu. Ari,39.7041351977,21.96140205441,*,12.0933,-4.203,-15.103,8.0,v,A7V,5.608,5.451,Ari
4,Aries,* sig Ari,42.87327685698,15.082067633060001,*,7.0519,29.636,-24.65,17.0,v,B7V,5.411,5.516,Ari
5,Aries,*  62 Ari,50.5495559739,27.60755427903,*,4.692,5.939,-14.386,9.5,v,G5III,6.62,5.52,Ari
6,Aries,* tet Ari,34.53137754778,19.901157608979997,*,7.222,-7.832,-3.654,11.95,v,A1Vn,5.58,5.572,Ari
7,Aries,HD  20149,48.83516564975,30.55668928183,*,6.7649,-15.207,2.559,-11.8,v,A1Vs,5.62,5.61,Ari
8,Aries,* omi Ari,41.13738310626,15.311859869180001,*,5.7867,2.942,-16.236,18.01,v,B9Vn,5.75,5.777,Ari
9,Aries,*  49 Ari,45.47558852883999,26.46235404216999,*,14.6587,-14.323,5.16,-1.41,v,kA2hA6mA7,6.054,5.909,Ari
10,Aries,HD  12479,30.646154213200003,13.47672089669,*,4.6547,-2.056,-3.413,-7.14,v,M2III,7.53,5.94,Ari
11,Aries,HD  13522,33.15641592691,24.16778082147,*,5.7748,43.114,-5.029,-2.22,v,K0,7.34,5.95,Ari
12,Aries,HD  19698,47.66163808722,11.87261848001,*,7.4179,33.202,-23.128,16.02,v,B8V,5.901,5.97,Ari
13,Aries,*  16 Ari,32.80022860206001,25.936942264989998,*,6.394,-8.211,-4.866,-15.1,v,K4III,7.376,5.999,Ari
14,Aries,*  11 Ari,31.705145405559996,25.704556300479997,*,3.9534,18.232,-13.092,-13.8,v,B9IV-Vn,5.98,6.02,Ari
15,Aries,*  65 Ari,51.10881548237,20.803490456380004,*,9.6813,0.883,-9.424,-6.2,v,A1V,6.033,6.061,Ari
16,Aries,HD  12140,29.857847595830012,12.294880311540002,*,10.4648,4.189,-39.666,-12.0,v,A6V,6.277,6.076,Ari
17,Aries,*   1 Ari A,27.535712547319168,22.27533610681611,*,5.3986,-14.896,-7.666,7.02,v,K0III+,7.34,6.2,Ari
18,Aries,HD  12594,30.927543807069995,18.25325535064,*,4.3401,-7.386,-21.382,10.13,v,K4III,7.649,6.214,Ari
19,Aries,*  54 Ari,47.08795462078,18.79505228404,*,4.4906,37.941,-14.278,44.32,v,M0III,7.84,6.25,Ari
20,Aries,HD  16955,40.96351494488001,25.63834723477,*,9.2563,-5.889,5.982,-10.3,v,A3V,6.46,6.39,Ari
1,Taurus,* nu. Tau,60.78907977626709,5.989300702002499,*,26.4293,5.192,-3.873,-3.58,v,A0.5Va,3.924,3.883,Tau
2,Taurus,* mu. Tau,63.88357525019291,8.892355084943333,*,6.4463,19.77,-21.918,16.3,v,B3IV,4.205,4.279,Tau
3,Taurus,* pi. Tau,66.65154769028,14.7137818582,*,8.0403,-8.802,-30.335,31.2689,v,G7IIIFe-0.5,5.67,4.69,Tau
4,Taurus,* o Tau,81.90868401411792,21.936968078639445,*,5.3969,4.104,-7.699,16.5,v,B2.5V,4.719,4.868,Tau
5,Taurus,* 134 Tau,87.38720972302957,12.651322412640832,*,11.5984,-21.764,-18.546,19.71,v,B9V,4.811,4.875,Tau
6,Taurus,*  47 Tau A,63.48493935442001,9.263824264009997,*,7.9622,-9.823,-30.085,-7.98,v,G3IIIFe-0.5,5.84,4.95,Tau
7,Taurus,* s Tau,52.60195333272333,11.336439403954722,*,8.747,-13.134,-16.446,-3.6,v,A0Vn,5.09,5.124,Tau
8,Taurus,HD  26793,63.650969196199995,10.01140720061,*,7.6822,-9.289,-12.989,7.0,v,B9Vn,5.118,5.218,Tau
9,Taurus,* 133 Tau,86.92878099876,13.89959609388,*,3.4599,4.96,-11.489,26.2,v,B2IV-V,5.12,5.29,Tau
10,Taurus,*  49 Eri,69.306981981275,0.9983278096394442,*,7.03,-3.69,-6.457,24.0,v,B8IV,5.193,5.315,Tau
11,Taurus,* chi Tau,65.64559882087,25.62931599318,*,11.2029,20.802,-17.039,13.99,v,B9Vnn,5.344,5.378,Tau
12,Taurus,* 121 Tau,83.86304857929709,24.03959602108222,*,5.0758,11.629,-17.6,23.0,v,B2.5IV,5.29,5.38,Tau
13,Taurus,* 130 Tau,86.85914823325,17.72914224062,*,2.885,-3.0,-4.339,9.0,v,F0III,5.759,5.455,Tau
14,Taurus,*  16 Tau,56.20089556751999,24.28946759207,*,7.3852,19.849,-44.966,16.49,v,B7V,5.42,5.46,Tau
15,Taurus,HD  31539,74.34310357125,17.15366618407,*,6.8706,-13.089,0.046,26.63,v,K1III,6.801,5.49,Tau
16,Taurus,* 116 Tau,81.94003372563,15.874050497600004,*,6.4814,4.458,-21.757,16.0,v,B9.5Vn,5.522,5.515,Tau
17,Taurus,* 135 Tau,87.62045167155,14.305607111699999,*,11.5734,8.707,-37.686,45.191799,v,G9III:,6.53,5.52,Tau
18,Taurus,*  44 Eri,67.13383772729,1.38082529384,*,6.401,20.236,-20.406,18.0,v,B5III/IV,5.429,5.532,Tau
19,Taurus,*  12 Tau,54.96300806981,3.05686614906,*,9.567,-37.243,8.864,24.31,v,K0III,6.483,5.555,Tau
20,Taurus,HD  39004,87.74212581701,27.96786198373,*,8.5233,-1.804,11.729,13.0736,v,G7III:,6.553,5.582,Tau
1,Gemini,* eps Gem,100.98302979662667,25.131127192367778,*,3.7477,-4.853,-11.78,7.77,v,G8Ib,4.39,2.98,Gem
2,Gemini,* phi Gem,118.37420066092001,26.765781406390005,*,18.038,-27.843,-30.555,8.0,v,A5IV,5.06,4.963,Gem
3,Gemini,HD  52960,105.90863284214,10.95181764838,*,5.5106,-2.326,-11.402,19.79,v,K3III,6.512,5.117,Gem
4,Gemini,* pi. Gem,116.87634926849,33.41569686352,*,5.5547,-17.48,-28.334,-13.36,v,M0III,6.74,5.14,Gem
5,Gemini,* d Gem,102.88769326208,21.76114529117,*,7.6158,-5.719,-35.781,34.4,v,A2V,5.264,5.259,Gem
6,Gemini,* c Gem,116.02881237863998,25.784160123099998,*,5.0247,-13.326,-20.079,1.33,v,K4.5III,6.829,5.289,Gem
7,Gemini,*  85 Gem,118.91622686366,19.88396700814,*,6.4022,-15.114,-39.83,12.3,v,A0Vs,5.329,5.365,Gem
8,Gemini,*  28 Gem,101.18941579111001,28.97093898152,*,5.5428,-8.358,-27.667,14.87,v,K4III,6.89,5.44,Gem
9,Gemini,*  70 Gem,114.63693298529002,35.0485498459,*,9.9583,38.492,27.757,-36.33,v,G8III,6.501,5.572,Gem
10,Gemini,*  87 Gem,102.99994238463,23.60172198957,*,7.2748,-39.651,-8.859,33.29,v,K5III,7.142,5.671,Gem
11,Gemini,*  35 Gem,102.60624439025,13.41317871781,*,2.702,-2.2,-6.421,28.91,v,K3III,7.016,5.672,Gem
12,Gemini,*  53 Gem,108.98819635530002,27.897420977140005,*,4.0783,-12.384,-1.967,25.11,v,M1III,7.34,5.71,Gem
13,Gemini,*  37 Gem,103.82777649493,25.37569543139,*,57.4559,-37.595,24.234,-14.925,v,G0V,6.343,5.748,Gem
14,Gemini,HD  52556,105.57289166190002,15.336009823110002,*,5.51,5.594,-24.153,-12.5,v,K1III:,6.9,5.75,Gem
15,Gemini,*  47 Gem,107.84611384969,26.856588994759996,*,8.7883,-19.21,-33.061,42.13,v,A4IV,5.86,5.75,Gem
16,Gemini,*  59 Gem,111.13938800771001,27.637855974489998,*,14.9819,13.722,15.078,-4.5,v,F0:III:,6.11,5.759,Gem
17,Gemini,HD  61885,115.4660263063,13.480456056860001,*,3.9204,-36.611,-23.523,5.8,v,M2III,7.46,5.8,Gem
18,Gemini,HD  52609,105.63869703626,16.67444523645,*,1.9018,-11.716,-7.845,34.1,v,M2III,7.485,5.848,Gem
19,Gemini,*  48 Gem,108.10990093406,24.12859388949,*,9.2055,-17.952,-45.679,13.0,v,F5III-IV,6.21,5.85,Gem
20,Gemini,HD  42049,92.38515413698,22.190265009410002,*,1.7811,-6.534,-3.877,7.8,v,K4III,7.545,5.904,Gem
1,Cancer,HD  71115,126.47819608049001,7.56450404808,*,7.8357,-34.471,-10.119,15.91,v,G6III-IIIaFe-1.5,6.051,5.122,Cnc
2,Cancer,* rho02 Cnc,133.91533538552,27.927482181129996,*,5.5719,-13.014,-32.535,16.8836,v,G8III,6.229,5.225,Cnc
3,Cancer,* pi.02 Cnc,138.80771713763,14.941508884169998,*,5.6869,-41.018,-11.304,27.47,v,K1III,6.664,5.348,Cnc
4,Cancer,* tau Cnc,137.00020890672,29.6542321328,*,12.0346,-32.199,2.64,-13.938,v,G8III,6.316,5.42,Cnc
5,Cancer,*  60 Cnc,133.9814460193,11.626024724329998,*,3.6191,-15.525,-12.905,25.395599,v,K5III,6.921,5.44,Cnc
6,Cancer,*   3 Cnc,120.19711479666998,17.308700552619996,*,4.0598,-10.504,-3.489,40.667,v,K3III,6.904,5.588,Cnc
7,Cancer,* sig01 Cnc,133.14425827925,32.47415912243,*,14.7289,-5.598,15.832,-11.26,v,A8Vam,5.874,5.664,Cnc
8,Cancer,HD  77445,135.68673582804,7.29826767327,*,5.7957,-10.786,1.695,28.5748,v,K3III:,6.926,5.831,Cnc
9,Cancer,* ome Cnc,120.23280388714002,25.392837389439997,*,5.3076,16.663,7.197,1.9,v,G8III,6.881,5.853,Cnc
10,Cancer,*  66 Cnc,135.35054075731,32.2522960969,*,7.0133,0.723,0.276,-12.8,v,A2V,5.94,5.87,Cnc
11,Cancer,* c Cnc,129.27403693521,9.655578089720002,*,6.6793,-28.308,-3.883,16.5,v,A3V,5.992,5.91,Cnc
12,Cancer,* lam Cnc,125.13390147397001,24.022311148900002,*,5.7362,-20.843,-18.97,27.01,v,B9.5V,5.87,5.93,Cnc
13,Cancer,*  29 Cnc,127.15558131684,14.21082424424,*,9.0325,-13.849,-12.252,6.81,v,A5V,6.136,5.948,Cnc
14,Cancer,*   1 LMi,129.57908811702,32.80201682758,*,8.4547,-24.186,-4.173,4.52,v,K2III:,7.062,5.95,Cnc
15,Cancer,*  57 Cnc A,133.56138342917,30.57912066683,*,8.6445,41.205,-23.252,,,,7.01,5.97,Cnc
16,Cancer,*   5 Cnc,120.37620137937,16.455311034210002,*,6.5859,3.99,-5.338,-2.28,v,B9.5Vn,5.97,5.99,Cnc
17,Cancer,HD  65257,119.63112894975,16.51868096195,*,1.917,-7.926,-3.358,17.99,v,K0,7.509,6.002,Cnc
18,Cancer,HD  72617,128.55560875229,8.452306678210002,*,15.7882,1.198,-26.587,13.9,v,F3IV,6.344,6.029,Cnc
19,Cancer,HD  65522,119.89606453532001,13.242166351010003,*,9.3205,-19.917,-15.548,27.52,v,K2,7.42,6.07,Cnc
20,Cancer,HD  68099,122.81916215862,9.82123526797,*,5.0276,-7.044,-16.253,30.0,v,B6III,5.956,6.072,Cnc
1,Leo,* eps Leo,146.46280673687792,23.77425377711222,*,14.3394,-46.154,-10.799,4.322,v,G1IIIa,3.79,2.98,Leo
2,Leo,* zet Leo,154.17256318434792,23.417316988991107,*,14.0377,21.161,-8.263,-12.32,v,F0IIIa,3.72,3.41,Leo
3,Leo,* ups Leo,174.23721152069376,-0.8237499422280555,*,18.3461,1.696,43.142,1.57,v,G9IIIbFe-0.5,5.31,4.3,Leo
4,Leo,* lam Leo,142.93012390931915,22.967981285818055,*,8.7555,-18.45,-36.303,24.27,v,K4.5III,5.85,4.31,Leo
5,Leo,* pi. Leo,150.05335839433042,8.044219645808056,*,6.8513,-32.181,-21.883,22.3,v,M2-III,6.3,4.7,Leo
6,Leo,* tau Leo,171.98433134626,2.85626503025,*,6.1072,16.851,-10.756,-8.82,v,G8-IIIa,5.94,4.943,Leo
7,Leo,*   6 Leo,142.98990418519,9.715765314789998,*,5.2776,-8.974,-12.737,18.55,v,K2.5IIIFe-0.5,6.44,5.07,Leo
8,Leo,* l Leo,162.31429315093,10.54519958042,*,9.1892,-3.569,-25.597,-6.8,v,A2V,5.338,5.312,Leo
9,Leo,*  79 Leo,171.00969812875,1.40776252577,*,8.7638,-16.268,-0.088,-9.87,v,G8III-IIIb,6.326,5.386,Leo
10,Leo,* p05 Leo,168.43980459464,-0.06950222502,*,6.2602,-46.541,2.767,4.39,v,A0V,5.374,5.404,Leo
11,Leo,*  37 Leo,154.16973994383,13.72833441766,*,4.805,-22.829,-14.784,5.14,v,M1III,7.02,5.41,Leo
12,Leo,*  18 Leo,146.59719713332,11.810043235640002,*,4.4601,-16.084,17.619,29.5446,v,K4III,7.142,5.644,Leo
13,Leo,*  67 Leo,167.20453298926,24.658493778870003,*,7.3712,3.298,-6.403,-5.6,v,A0IV,5.755,5.698,Leo
14,Leo,*   3 Leo,142.12155855335,8.18830556701,*,7.1461,-26.193,-32.383,17.77,v,K0III,6.753,5.713,Leo
15,Leo,*   8 Leo,144.26075652981,16.43795181621,*,2.9769,-14.459,-3.358,6.41,v,K1III,6.95,5.732,Leo
16,Leo,HD  84542,146.54184663665,6.70855639132,*,3.2175,3.518,-23.591,-1.1,v,M1III,7.43,5.79,Leo
17,Leo,HD 101980,176.05484720032,25.218320946720002,*,2.9405,-13.306,7.75,-0.91,v,K5III,7.59,6.02,Leo
18,Leo,HD  98960,170.82479476328,0.13204547747000003,*,4.1685,-40.109,-9.457,22.5875,v,K3III,7.504,6.029,Leo
19,Leo,*  11 Sex,149.53179337001956,8.313977991235834,*,5.09,16.147,-26.878,-20.22,v,K3III,7.399,6.033,Leo
20,Leo,*  42 Leo,155.45959557043,14.975773044549998,*,6.3776,-32.212,-11.414,8.7,v,A1V,6.16,6.163,Leo
1,Virgo,* tau Vir,210.41163979453543,1.5445306078263885,*,14.3831,17.317,-21.594,-2.49,v,A2IV/V,4.331,4.237,Vir
2,Virgo,* sig Vir,199.4011940336946,5.4698840927341665,*,4.6693,-9.081,12.946,-28.26,v,M1III,6.47,4.8,Vir
3,Virgo,*  49 Vir,196.97422029652998,-10.740408704040002,*,11.1498,16.629,-10.192,-9.55,v,K0.5IIIbFe-0.5,6.281,5.151,Vir
4,Virgo,HD 115478,199.31511643373997,13.675751874000001,*,10.6535,8.168,42.33,-24.39,v,K3III,6.63,5.33,Vir
5,Virgo,* b Vir,179.9871395801,3.6552046169400003,*,10.8636,-18.883,-6.935,-2.5,v,A0V,5.346,5.345,Vir
6,Virgo,HD 124683,213.85035912729165,-18.200690647766663,*,11.8452,-44.042,-11.91,-19.0,v,A0V,5.525,5.532,Vir
7,Virgo,*  83 Vir,206.12427845576,-16.179072836130004,*,3.777,12.522,-6.052,2.13,v,G0II:,6.35,5.567,Vir
8,Virgo,*   6 Vir,178.76305190051,8.44394211856,*,19.2949,-32.519,15.424,-8.72,v,K0III:,6.511,5.569,Vir
9,Virgo,* 108 Vir,221.37585193216,0.71727227856,*,5.8113,-38.907,-8.231,-26.17,v,B9.5V,5.656,5.665,Vir
10,Virgo,HD 114256,197.30181149637997,10.02246777626,*,9.7915,20.916,-0.341,-0.38,v,K0III,6.816,5.782,Vir
11,Virgo,*  65 Vir,200.82872296229996,-4.92442827448,*,4.0566,-19.96,-16.703,9.8,v,K4III,7.304,5.858,Vir
12,Virgo,* f Vir,189.19730917958998,-5.83190054517,*,14.0684,-27.992,-20.279,-7.03,v,A3V,5.94,5.88,Vir
13,Virgo,*  13 Vir,184.66798952646997,-0.78718431864,*,8.6971,33.554,-16.527,-8.81,v,A5IV/V,6.049,5.897,Vir
14,Virgo,*  92 Vir,209.11615310432998,1.05058052801,*,11.3738,-28.395,13.226,-16.73,v,A5IV/V,6.117,5.898,Vir
15,Virgo,HD 132525,224.84631460990997,4.56776059964,*,5.0389,1.679,-5.455,-13.49,v,M2.5III,7.53,5.93,Vir
16,Virgo,*  50 Vir,197.43867172166,-10.32933967666,*,4.8532,-13.517,-9.315,-7.3,v,K4III,7.436,5.943,Vir
17,Virgo,HD 127167,217.4604902235,0.8289308687500001,*,13.3027,13.972,7.936,-9.2,v,A5IV/V,6.12,5.966,Vir
18,Virgo,HD 106976,184.53988528483998,-3.9487807220699995,*,17.4856,-11.234,21.268,-1.11,v,F1VkF2mF3,6.34,5.99,Vir
19,Virgo,*  37 Vir,192.90370679060996,3.0567867280099996,*,6.1908,-35.855,19.519,0.9,v,K2III,7.327,6.003,Vir
20,Virgo,HD 127337,217.68912644864,4.772285793670001,*,4.7639,3.316,-12.74,6.94,v,K4III,7.432,6.007,Vir
1,Libra,* ups Lib,234.25603706873625,-28.135110461468887,*,15.5267,-16.261,11.711,-24.9,v,K3.5III,4.979,3.589,Lib
2,Libra,*  42 Lib,235.0704055109,-23.81808364893,*,8.2082,-16.044,-16.111,-21.8,v,K3-IIICN2,6.29,4.96,Lib
3,Libra,*  36 Lib,233.65549239999,-28.047020260619995,*,9.3849,10.755,-32.18,22.11,v,K2/3III,6.437,5.138,Lib
4,Libra,* nu. Lib,226.65665213046998,-16.256818608409997,*,5.1772,-36.821,-23.247,-15.69,v,K5-III,6.78,5.2,Lib
5,Libra,*  12 Lib,223.58386910138,-24.642204268810005,*,8.1903,-10.786,-28.376,8.8,v,K2/3III,6.612,5.266,Lib
6,Libra,* ksi02 Lib,224.19214600515997,-11.409700030229999,*,4.4918,8.851,9.815,14.6,v,K4III,6.946,5.45,Lib
7,Libra,* zet04 Lib,233.23008856487002,-16.85284478365,*,4.3321,-12.879,-11.282,1.8,v,B3V,5.355,5.499,Lib
8,Libra,HD 135534,229.09587775037,-22.39941430414,*,7.898,-35.031,2.798,-5.3,v,K2III,6.877,5.506,Lib
9,Libra,HD 138413,233.15292103366,-19.670458435149996,*,13.6252,-19.475,-38.831,-32.52,v,A2IV,5.7,5.52,Lib
10,Libra,* zet01 Lib,232.06420082374,-16.71648542046,*,5.0526,16.299,-33.679,-21.4,v,K4.5III,7.161,5.626,Lib
11,Libra,HD 130529,222.32810034521998,-24.251469126499998,*,3.112,-22.596,0.073,-26.3,v,K3III+G,6.972,5.692,Lib
12,Libra,* zet03 Lib,232.66833885525,-16.60946242113,*,6.5635,22.636,-1.766,-1.7,v,K0III,6.858,5.806,Lib
13,Libra,HD 135051,228.47213692450998,-26.193574089600002,*,3.5792,-13.427,-6.286,-28.3,v,G8/K0II,6.998,5.857,Lib
14,Libra,HD 130157,221.80687493926376,-21.324873423929716,*,2.5995,-12.522,1.444,-24.16,v,K4/5III,7.677,6.034,Lib
15,Libra,* omi Lib,230.25578898389,-15.548351532910003,*,17.5623,20.404,29.818,8.82,v,F2V,6.513,6.143,Lib
16,Libra,*  26 Lib,228.64065780017998,-17.76857144771,*,3.9825,-16.223,-15.26,-25.9,v,B9III,6.156,6.172,Lib
17,Libra,HD 138105,232.65104577188998,-20.728552952349997,*,14.2724,5.277,-29.067,-10.9,v,A3V,6.371,6.194,Lib
18,Libra,HD 141853,237.90998054918998,-14.13358612059,*,4.454,-22.361,-7.603,-16.0,v,G8III,7.211,6.207,Lib
19,Libra,HD 140986,236.68926767852997,-6.120356990670001,*,4.5624,-11.687,0.062,-51.86,v,K0III,7.41,6.245,Lib
20,Libra,*  10 Lib,222.96377559740998,-18.35532683924,*,3.0579,-12.774,-2.188,-21.9,v,K0II/III,7.37,6.26,Lib
1,Scorpius,* tet Sco,264.3297077207907,-42.99782799333082,*,10.86,5.54,-3.12,5.18,v,F1III,2.29,1.85,Sco
2,Scorpius,* ups Sco,262.6909880116666,-37.295813475277775,*,5.66,-2.37,-30.09,8.0,v,B2IV,2.48,2.65,Sco
3,Scorpius,* tau Sco,248.97063688749995,-28.2160170875,*,6.88,-9.89,-22.83,-650.47,v,B0V,2.56,2.81,Sco
4,Scorpius,* G Sco,267.4645037403808,-37.04327637830389,*,24.734,41.717,11.975,24.7,v,K2III,4.38,3.21,Sco
5,Scorpius,* H Sco,249.09363126313713,-35.25533141158,*,10.3453,15.17,10.622,-2.1,v,K5III,5.73,4.156,Sco
6,Scorpius,* N Sco,247.84556033467496,-34.704368192821676,*,5.4821,-11.558,-18.39,0.8,v,B2III-IV,4.06,4.23,Sco
7,Scorpius,* b Sco,237.74476859529994,-25.75129407694,*,6.7811,-14.053,-24.937,-3.0,v,B1.5Vn,4.552,4.635,Sco
8,Scorpius,*   2 Sco A,238.40299355906,-25.32713872595,*,7.0318,-16.327,-24.071,,,,4.6,4.71,Sco
9,Scorpius,* i Sco,247.55198028769166,-25.115221268905003,*,7.9402,-4.193,-26.975,0.0,v,B2.5V,4.72,4.79,Sco
10,Scorpius,HD 161840,267.2936550248199,-31.70320628738611,*,5.8527,5.506,-9.468,-13.3,v,B8Ib/II,4.753,4.797,Sco
11,Scorpius,* iot02 Sco,267.54629914228997,-40.09043182076001,*,0.8148,2.686,-2.117,-17.15,v,A2Ib,5.039,4.803,Sco
12,Scorpius,HD 163145,269.1975706169499,-44.34221848895,*,9.3687,-4.058,-24.973,35.6,v,K2III,6.041,4.849,Sco
13,Scorpius,HD 163376,269.4491771177079,-41.71629326855278,*,5.7411,-4.794,-15.33,4.4,v,M0III,6.503,4.863,Sco
14,Scorpius,* psi Sco,242.99997135053002,-10.06414170962,*,22.6379,-1.483,-31.351,-8.65,v,A1V,5.029,4.928,Sco
15,Scorpius,HD 157243,261.0544936782054,-44.16258555344695,*,4.6451,-2.989,-26.375,13.0,v,B5/6III,5.039,5.108,Sco
16,Scorpius,* chi Sco,243.46210941047,-11.83774786154,*,7.2874,-4.991,-9.931,-23.1714,v,K3III,6.615,5.239,Sco
17,Scorpius,*  16 Sco,243.03048316754,-8.547579594,*,12.7258,44.53,-0.487,-1.08,v,A2IV,5.545,5.424,Sco
18,Scorpius,V* V913 Sco,239.6452773729,-24.831489368690004,*,7.005,-12.451,-24.582,-14.86197,v,B5V,5.34,5.43,Sco
19,Scorpius,*  27 Sco,254.29656171654,-33.25949228849,*,5.2355,4.572,-9.291,-76.37,v,K5III,7.11,5.49,Sco
20,Scorpius,HD 160668,265.71290596535994,-36.94556242444,*,5.3297,7.725,-22.931,-1.53,v,K5III,7.073,5.52,Sco
1,Sagittarius,* del Sgr,275.24851205687213,-29.828102262591386,*,7.8468,33.212,-27.361,-20.4,v,K2.5IIIaCN0.5,4.069,2.668,Sgr
2,Sagittarius,* ksi02 Sgr,284.4325007886946,-21.1066575942875,*,8.4092,33.52,-13.552,-20.1,v,G8/K0II/III,4.69,3.51,Sgr
3,Sagittarius,* b Sgr,299.23680287255206,-27.169897010698058,*,3.8051,7.393,-16.563,-16.2,v,K2.5IIb,5.98,4.528,Sgr
4,Sagittarius,HD 165634,272.02074505330586,-28.45709265001583,*,9.4718,24.35,-31.617,-4.87,v,G7:IIIbCN-1CH-3.5HK+1,5.51,4.56,Sgr
5,Sagittarius,HD 167818,274.51329851055624,-27.042643520009165,*,4.486,5.398,-4.195,-15.14,v,K3II,6.265,4.627,Sgr
6,Sagittarius,* nu.01 Sgr,283.54240867928,-22.74483961587,*,1.8387,3.919,-8.092,-11.57,v,K1II,6.251,4.845,Sgr
7,Sagittarius,*  60 Sgr,299.73834242432997,-26.19576247541,*,8.7932,26.283,27.104,-48.6,v,G6III,5.735,4.846,Sgr
8,Sagittarius,*  21 Sgr,276.33766429256,-20.541672835259998,*,6.7833,6.108,-26.699,-10.75,v,K1/2III,6.32,4.86,Sgr
9,Sagittarius,* d Sgr,289.4086630645,-18.9529062457,*,6.7773,-10.417,-10.913,15.2,v,G8II-III,5.895,4.878,Sgr
10,Sagittarius,*   1 Sgr,272.93055316182,-23.701231598440007,*,12.2588,9.905,-32.048,5.71,v,K0III,6.03,4.98,Sgr
11,Sagittarius,HD 190056,301.08163754481996,-32.05629631122,*,9.3767,47.014,-14.643,-11.7,v,K1III/IV,6.2,4.99,Sgr
12,Sagittarius,* ksi01 Sgr,284.33532038596,-20.65634787079,*,1.4685,-1.116,-6.066,2.5,v,B9/A0Ib,5.14,5.054,Sgr
13,Sagittarius,HD 170680,277.85957435405,-18.40269832713,*,15.527,-4.892,-21.92,-29.03,v,B9/9.5V,5.126,5.117,Sgr
14,Sagittarius,*  29 Sgr,282.41711665726,-20.324654640190005,*,6.2328,-0.575,33.156,-17.93,v,K2III,6.615,5.21,Sgr
15,Sagittarius,*   7 Sgr,270.71291093894,-24.28246728687,*,2.87,1.096,-17.329,-5.62,v,F2II-III,5.86,5.34,Sgr
16,Sagittarius,*  28 Sgr,281.58587913429,-22.392173179269996,*,4.38,28.317,-1.455,-2.7,v,K5III,6.961,5.366,Sgr
17,Sagittarius,HD 170479,277.7701727916116,-32.9890982509367,*,10.6451,-1.371,-47.071,9.2,v,A5V,5.566,5.386,Sgr
18,Sagittarius,* chi03 Sgr,291.37358156858,-23.962453665290003,*,6.3782,-18.53,-12.145,40.86,v,K3III,6.86,5.43,Sgr
19,Sagittarius,*  24 Sgr,278.47285965291,-24.03228199515,*,1.7715,-2.543,-7.346,-2.29,v,K3III,7.263,5.461,Sgr
20,Sagittarius,*  14 Sgr,273.56624985929,-21.713162640799997,*,6.8658,-15.294,-23.625,-58.9,v,K2III,6.984,5.473,Sgr
1,Capricornus,* ome Cap,312.95537723912,-26.91913484546,*,5.8975,-9.016,-2.048,9.1,v,M0IIIBa0.5,5.75,4.12,Cap
2,Capricornus,* nu. Cap,305.1658991456237,-12.759080634501943,*,12.1737,14.13,-15.123,-1.74,v,B9IV,4.72,4.76,Cap
3,Capricornus,* rho Cap A,307.2150616165,-17.81368307879,*,33.2297,-16.889,-10.579,,,,5.26,4.93,Cap
4,Capricornus,* c Cap,326.25106113622,-9.08242767233,*,4.1906,13.438,-1.9,-15.52,v,G7.5II-IIICN0.5,6.189,5.079,Cap
5,Capricornus,* ups Cap,310.01226805726,-18.13865741239,*,5.1719,-22.764,-22.17,-10.73,v,M1III,6.76,5.1,Cap
6,Capricornus,* phi Cap,318.90791479859,-20.65169521012,*,4.8754,13.85,-2.682,-4.72,v,K0II/III,6.317,5.152,Cap
7,Capricornus,* sig Cap,304.84835118396995,-19.11852538377,*,3.4448,5.034,-10.825,-9.64,v,K2III,6.665,5.265,Cap
8,Capricornus,*  29 Cap,318.93684309798,-15.17150133814,*,4.6316,23.818,4.264,-37.8,v,M2III,6.894,5.317,Cap
9,Capricornus,*  30 Cap,319.48869364446,-17.9851386273,*,4.277,16.026,-0.967,-11.1,v,B5II/III,5.263,5.383,Cap
10,Capricornus,* lam Cap,326.63373798506,-11.36595522792,*,12.0253,29.007,-9.42,2.32,v,A0V,5.56,5.567,Cap
11,Capricornus,HD 203475,320.75206122297,-22.66904678252,*,4.2958,35.365,0.167,-10.55,v,M0III,7.228,5.6,Cap
12,Capricornus,*  35 Cap,321.81175708289,-21.19621434535,*,6.1782,-29.553,-30.168,29.88,v,K3III,7.215,5.76,Cap
13,Capricornus,*  44 Cap,325.76832108434,-14.39971028135,*,6.9967,-5.482,19.833,-13.4,v,A9/F0V,6.127,5.879,Cap
14,Capricornus,*  17 Cap,311.54161670263,-21.514036022269995,*,11.1349,22.22,-18.351,1.8,v,A1V,5.958,5.902,Cap
15,Capricornus,HD 202261,318.77757397027,-17.34517877786,*,8.4601,4.163,-19.319,-0.73,v,K0III,7.024,6.037,Cap
16,Capricornus,HD 200052,315.43866402762995,-26.88099818476,*,12.0521,19.328,-23.389,-5.06,v,A3V,6.101,6.037,Cap
17,Capricornus,*  21 Cap,315.21569071811,-17.5308952076,*,5.7326,-30.851,-16.774,1.1,v,K3III,7.32,6.05,Cap
18,Capricornus,HD 195006,307.38059105828995,-22.39156530107,*,5.1507,9.194,-30.619,55.5,v,K5III,7.693,6.126,Cap
19,Capricornus,HD 198208,312.3355955441,-18.03585624228,*,3.9982,1.313,-34.22,46.04,v,K3III,7.601,6.193,Cap
20,Capricornus,HD 193896,305.75329087324,-9.65471052279,*,5.3831,24.655,-16.439,-15.23,v,G5IIIa,7.194,6.283,Cap
1,Aquarius,* bet Aqr,322.88971698347876,-5.5711748280636115,*,5.9728,19.214,-8.163,6.451,v,G0Ib,3.71,2.89,Aqr
2,Aquarius,* alf Aqr,331.4459814409479,-0.3198509554241667,*,4.9451,18.59,-10.45,6.829,v,G2Ib,3.9,2.94,Aqr
3,Aquarius,* eps Aqr,311.9189565534167,-9.495776926900833,*,13.3619,33.923,-34.936,-19.82,v,B9.5V,3.77,3.77,Aqr
4,Aquarius,* tau Aqr,342.39792075111455,-13.592628543936945,*,10.0171,-13.386,-38.609,1.1,v,M0III,5.57,3.98,Aqr
5,Aquarius,* g Aqr,340.89680519415367,-18.83037508142056,*,7.9362,-32.523,-28.21,21.7,v,K3III,6.06,4.69,Aqr
6,Aquarius,* b03 Aqr,353.3192590454091,-20.914495039034996,*,13.0753,0.007,5.384,15.0,v,A0V,4.77,4.758,Aqr
7,Aquarius,* sig Aqr,337.66175584903,-10.6779180573,*,15.8247,-4.095,-38.019,11.7,v,A0IVs,4.73,4.81,Aqr
8,Aquarius,* 104 Aqr,355.44085990105,-17.81653194641,*,4.5743,14.332,0.679,6.52,v,G2Ib/II,5.65,4.83,Aqr
9,Aquarius,* psi03 Aqr,349.74031942223,-9.61074871262,*,14.1132,44.346,-7.951,-10.0,v,B9V,4.977,5.003,Aqr
10,Aquarius,* i01 Aqr,356.05032542615,-18.27694956298,*,7.5902,28.825,-2.064,16.0,v,B9V,5.152,5.239,Aqr
11,Aquarius,HD 222643,355.61592693594,-15.448028948530002,*,4.3874,14.608,-21.282,0.37,v,K3III,6.606,5.257,Aqr
12,Aquarius,*  42 Aqr,334.2001908858799,-12.831432882360001,*,7.4283,3.567,6.028,11.62,v,K1III,6.463,5.333,Aqr
13,Aquarius,* e Aqr,332.65617743047704,-11.564938650259169,*,6.3394,29.119,8.73,-1.7,v,B5III,5.299,5.422,Aqr
14,Aquarius,*   7 Aqr,314.22511066351996,-9.697541798980001,*,5.0316,-5.86,-10.92,-31.68,v,K4III,6.97,5.48,Aqr
15,Aquarius,*  30 Aqr,330.81857563765,-6.522407351809999,*,10.7574,45.517,8.126,39.74,v,K1IV,6.512,5.543,Aqr
16,Aquarius,HD 219402,348.89273927162,-3.4963784075700004,*,13.435,-12.906,-2.299,13.78,v,A2V,5.61,5.55,Aqr
17,Aquarius,*   5 Aqr,313.03622430074995,-5.507058186369999,*,4.1831,1.271,-5.828,0.1,v,B9III,5.46,5.554,Aqr
18,Aquarius,*  28 Aqr,330.27089693754,0.6047180014000001,*,5.3825,6.765,-10.993,8.47243,v,K2III,6.887,5.597,Aqr
19,Aquarius,*  26 Aqr,325.54213555265,1.28525415301,*,3.098,-3.918,-8.35,8.15,v,K2(III),7.102,5.641,Aqr
20,Aquarius,HD 222093,354.41483333436,-13.06024123397,*,11.0119,34.875,26.451,-12.56,v,G9III,6.685,5.654,Aqr
1,Pisces,*  22 Psc,357.99099528799997,2.9303864325699998,*,3.7846,15.881,-14.136,4.46498,v,K4IIIBa1,7.108,5.554,Psc
2,Pisces,*  21 Psc,357.36447579926,1.0761290253600002,*,10.6384,-2.788,-27.4,6.29,v,A3III,5.93,5.7,Psc
3,Pisces,HD 222602,355.48620748213,7.25054859607,*,10.5925,-27.486,-40.251,3.38,v,A3Vn,5.985,5.891,Psc
4,Pisces,*   1 Psc,343.74785584463,1.0649026686499998,*,9.071,19.283,4.642,12.8,v,A3IV,6.31,6.11,Psc
5,Pisces,*  26 Psc,358.78246934079,7.0709711448,*,8.2263,23.164,-18.51,16.8,v,B9V,6.153,6.209,Psc
6,Pisces,*  25 Psc,358.26983655555,2.0906162722000006,*,7.8606,16.707,-9.801,7.11,v,B9.5V,6.275,6.28,Psc
7,Pisces,*  11 Psc,352.36244551118995,-1.7912139678800003,*,3.2162,-14.757,-22.461,11.92,v,K0III,7.48,6.34,Psc
8,Pisces,*  13 Psc,352.98986168987,-1.08589568993,*,4.4107,8.695,17.164,-22.5,v,K0III,7.584,6.384,Psc
9,Pisces,HD 218103,346.32347108324,1.30712681701,*,8.5375,34.593,-21.432,-9.34956,v,G8/K0III/IV,7.338,6.388,Psc
10,Pisces,HD 217926,346.00324786657,6.616340803180001,*,12.3319,-26.73,8.26,4.0,v,F2V,6.816,6.417,Psc
11,Pisces,HD 223346,357.20569216879,2.2144148291600003,*,17.4405,9.646,-34.672,-17.96,v,F5V,6.91,6.457,Psc
12,Pisces,HD 216931,344.27857223378,-3.24521759809,*,9.3141,28.555,14.65,13.55,v,A1/2III,6.834,6.619,Psc
13,Pisces,HD 216400,343.13697643051,3.55223244167,*,5.7324,11.607,-2.541,,,A2/3IV,6.79,6.64,Psc
14,Pisces,HD 220796,351.68185839277,2.4783731086800005,*,6.4629,-7.497,17.727,3.07,v,K0III,7.82,6.72,Psc
15,Pisces,HD 220512,351.0686096842671,3.7155166022194446,*,4.223,-3.186,-26.535,-12.42,v,K1III/IV,8.01,6.72,Psc
16,Pisces,HD 223707,357.97322817409,4.745362569809999,*,5.7056,18.559,5.947,9.6,v,A1IV/V,6.88,6.78,Psc
17,Pisces,HD 223685,357.91742835785993,4.697901095050001,*,3.2556,-34.273,25.654,14.12,v,K4III,8.3,6.8,Psc
18,Pisces,HD 216565,343.46732369084,1.8431507698599996,*,2.9388,16.032,-12.801,1.31,v,K4III,8.44,6.8,Psc
19,Pisces,HD 222919,356.20394024474,7.191808063619999,*,7.2504,20.536,-10.433,-17.196699,v,K0,7.96,6.87,Psc
20,Pisces,HD 223292,357.06020335293,7.16318645311,*,6.1944,-21.714,-31.251,-19.1712,v,G5,7.89,6.89,Psc
